media/stor3162-653_23435811.jpg	497299	https://static.tildacdn.com/stor3162-6537-4535-b537-656533383633/23435811.jpg
media/stor3234-373_85274525.jpg	434959	https://static.tildacdn.com/stor3234-3738-4064-b337-333935616139/85274525.jpg
media/stor3264-656_95950811.jpg	527889	https://static.tildacdn.com/stor3264-6564-4730-b061-306264613064/95950811.jpg
media/stor3332-626_81530891.jpg	540410	https://static.tildacdn.com/stor3332-6261-4339-b735-636132646262/81530891.jpg
media/stor3538-333_67787084.jpg	565432	https://static.tildacdn.com/stor3538-3338-4862-b666-323164663533/67787084.jpg
media/stor3837-666_90888100.jpg	537391	https://static.tildacdn.com/stor3837-6665-4361-b533-353730326631/90888100.jpg
media/stor3962-616_93517286.jpg	578638	https://static.tildacdn.com/stor3962-6164-4833-a163-666662383233/93517286.jpg
media/stor6162-303_88155630.jpg	541526	https://static.tildacdn.com/stor6162-3038-4637-b335-396463343731/88155630.jpg
media/stor6366-646_96633821.jpg	732293	https://static.tildacdn.com/stor6366-6464-4431-b032-623534306265/96633821.jpg
media/stor6535-636_92366715.jpg	537424	https://static.tildacdn.com/stor6535-6365-4965-b361-376137373036/92366715.jpg
media/stor6564-343_36178256.jpg	599576	https://static.tildacdn.com/stor6564-3434-4162-b266-383238613637/36178256.jpg
media/tild3032-633_cr49.png	254702	https://static.tildacdn.com/tild3032-6333-4230-b830-643736333334/cr49.png
media/tild3036-346_2025-05-22_204218.jpg	181378	https://static.tildacdn.com/tild3036-3461-4666-b063-626536323965/2025-05-22_204218.jpg
media/tild3039-393_DSC08782.jpg	465762	https://static.tildacdn.com/tild3039-3939-4461-b461-373934656333/DSC08782.jpg
media/tild3062-636_2025-05-22_203936.jpg	58697	https://static.tildacdn.com/tild3062-6363-4965-b935-656536383432/2025-05-22_203936.jpg
media/tild3066-653_2025-05-22_204229.jpg	123309	https://static.tildacdn.com/tild3066-6533-4731-b062-623466333534/2025-05-22_204229.jpg
media/tild3130-656_capture_23789.jpg	766922	https://static.tildacdn.com/tild3130-6561-4864-b661-313938396539/capture_23789.jpg
media/tild3136-363_photo_2025-06-18_124.jpeg	92344	https://static.tildacdn.com/tild3136-3637-4138-b038-323163623434/photo_2025-06-18_124.jpeg
media/tild3138-343_IMG_7428.JPG	162476	https://static.tildacdn.com/tild3138-3431-4536-a130-356665653431/IMG_7428.JPG
media/tild3161-616_2025-05-22_204210.jpg	157177	https://static.tildacdn.com/tild3161-6166-4161-b832-653632356334/2025-05-22_204210.jpg
media/tild3236-653_IMG_0821.jpg	516513	https://static.tildacdn.com/tild3236-6532-4364-a230-373332323733/IMG_0821.jpg
media/tild3261-306_IMG_0186.jpg	132683	https://static.tildacdn.com/tild3261-3064-4264-b834-383030623833/IMG_0186.jpg
media/tild3261-663_IMG_2135.JPG	161262	https://static.tildacdn.com/tild3261-6635-4235-a466-633066333562/IMG_2135.JPG
media/tild3264-636_IMG_5062_1.jpg	206403	https://static.tildacdn.com/tild3264-6361-4335-a566-386430666132/IMG_5062_1.jpg
media/tild3331-343_IMG_0857.jpg	478483	https://static.tildacdn.com/tild3331-3431-4666-b466-346465376631/IMG_0857.jpg
media/tild3331-356_capture_23840.jpg	959900	https://static.tildacdn.com/tild3331-3563-4635-b165-373235316337/capture_23840.jpg
media/tild3338-323_01_1.png	14040	https://static.tildacdn.com/tild3338-3235-4264-b063-303062303264/01_1.png
media/tild3363-613_capture_23840_1.jpg	959900	https://static.tildacdn.com/tild3363-6133-4739-b866-303861326339/capture_23840_1.jpg
media/tild3430-343_2025-05-22_203907.jpg	94938	https://static.tildacdn.com/tild3430-3433-4463-a536-343362303937/2025-05-22_203907.jpg
media/tild3430-353_IMG_8487.jpg	411358	https://static.tildacdn.com/tild3430-3538-4631-a132-373339376233/IMG_8487.jpg
media/tild3461-353_IMG_0796.jpg	426135	https://static.tildacdn.com/tild3461-3530-4736-a536-393963323836/IMG_0796.jpg
media/tild3465-383_IMG_0823.jpg	468666	https://static.tildacdn.com/tild3465-3833-4432-a462-373661663837/IMG_0823.jpg
media/tild3465-623_IMG_8440.jpg	456007	https://static.tildacdn.com/tild3465-6238-4534-b864-626464663561/IMG_8440.jpg
media/tild3531-653_IMG_9843.JPG	151857	https://static.tildacdn.com/tild3531-6539-4062-b335-343563623763/IMG_9843.JPG
media/tild3532-333_IMG_8489.jpg	482892	https://static.tildacdn.com/tild3532-3334-4337-a337-616338356661/IMG_8489.jpg
media/tild3535-323_noroot.png	5521	https://static.tildacdn.com/tild3535-3236-4265-b963-663632363264/noroot.png
media/tild3539-313_IMG_8664.jpg	351213	https://static.tildacdn.com/tild3539-3134-4264-a165-333138313839/IMG_8664.jpg
media/tild3562-303_icons8-instagram-100.png	1854	https://static.tildacdn.com/tild3562-3039-4137-b166-333936613262/icons8-instagram-100.png
media/tild3634-343_IMG_0857.jpg	478483	https://static.tildacdn.com/tild3634-3431-4530-b337-333036333435/IMG_0857.jpg
media/tild3637-323_IMG_8485.jpg	516508	https://static.tildacdn.com/tild3637-3231-4930-b865-373133306538/IMG_8485.jpg
media/tild3637-613_ELEMENT_by_MOCK_whit.svg	7567	https://static.tildacdn.com/tild3637-6136-4839-b365-633963396131/ELEMENT_by_MOCK_whit.svg
media/tild3736-333_IMG_0101.JPG	167991	https://static.tildacdn.com/tild3736-3330-4866-b632-663330373962/IMG_0101.JPG
media/tild3738-303_IMG_8507.jpg	528242	https://static.tildacdn.com/tild3738-3037-4333-a162-363363666336/IMG_8507.jpg
media/tild3738-633_2025-05-22_204218.jpg	101819	https://static.tildacdn.com/tild3738-6338-4530-a635-663438346133/2025-05-22_204218.jpg
media/tild3764-396_capture_23793.jpg	522079	https://static.tildacdn.com/tild3764-3966-4566-b431-356330663834/capture_23793.jpg
media/tild3766-353_cr42n.png	220891	https://static.tildacdn.com/tild3766-3539-4530-b132-323732303563/cr42n.png
media/tild3831-373_2025-05-22_204236.jpg	115865	https://static.tildacdn.com/tild3831-3730-4432-a263-656637333937/2025-05-22_204236.jpg
media/tild3831-666_IMG_8861.jpg	440612	https://static.tildacdn.com/tild3831-6663-4430-a565-616136623237/IMG_8861.jpg
media/tild3832-626_capture_23792.jpg	525218	https://static.tildacdn.com/tild3832-6262-4732-a135-636534363466/capture_23792.jpg
media/tild3838-626_2025-05-22_204210.jpg	157177	https://static.tildacdn.com/tild3838-6262-4834-a663-363862636165/2025-05-22_204210.jpg
media/tild3861-313_IMG_1314.JPG	203612	https://static.tildacdn.com/tild3861-3131-4833-b335-613933636261/IMG_1314.JPG
media/tild3861-386_IMG_9829.JPG	145153	https://static.tildacdn.com/tild3861-3861-4061-a565-383135633561/IMG_9829.JPG
media/tild3861-643_IMG_8438.jpg	458925	https://static.tildacdn.com/tild3861-6436-4166-b466-613266633735/IMG_8438.jpg
media/tild3862-316_IMG_1293.JPG	165339	https://static.tildacdn.com/tild3862-3163-4633-a638-313230386661/IMG_1293.JPG
media/tild3862-393_IMG_9780.JPG	209286	https://static.tildacdn.com/tild3862-3938-4664-a630-333136623530/IMG_9780.JPG
media/tild3862-633_Frame_74_1.png	289	https://static.tildacdn.com/tild3862-6330-4435-b932-656338613837/Frame_74_1.png
media/tild3863-306_IMG_7394.JPG	218518	https://static.tildacdn.com/tild3863-3061-4561-b836-303234343432/IMG_7394.JPG
media/tild3931-623_IMG_7404.JPG	188457	https://static.tildacdn.com/tild3931-6230-4637-b230-636536393966/IMG_7404.JPG
media/tild3933-313_DSC08638.jpg	555464	https://static.tildacdn.com/tild3933-3138-4139-b264-313333613761/DSC08638.jpg
media/tild3934-396_DSC08704.jpg	426821	https://static.tildacdn.com/tild3934-3962-4665-b937-636135383538/DSC08704.jpg
media/tild3937-663_DSC08872.jpg	535583	https://static.tildacdn.com/tild3937-6631-4764-b336-353166626534/DSC08872.jpg
media/tild3939-393_2025-05-22_204223.jpg	175416	https://static.tildacdn.com/tild3939-3933-4964-b537-613037353731/2025-05-22_204223.jpg
media/tild3961-653_IMG_0806_1.jpg	457997	https://static.tildacdn.com/tild3961-6536-4830-b535-343430386466/IMG_0806_1.jpg
media/tild6132-383_IMG_0805.jpg	563177	https://static.tildacdn.com/tild6132-3830-4130-b563-393166386135/IMG_0805.jpg
media/tild6133-396_IMG_0806.jpg	457997	https://static.tildacdn.com/tild6133-3964-4238-a563-333361333230/IMG_0806.jpg
media/tild6134-616_2025-05-22_204218_1.jpg	181378	https://static.tildacdn.com/tild6134-6163-4935-b433-363864343563/2025-05-22_204218_1.jpg
media/tild6136-326_IMG_0778.jpg	483595	https://static.tildacdn.com/tild6136-3266-4635-a465-613032633136/IMG_0778.jpg
media/tild6136-366_IMG_9836.JPG	225476	https://static.tildacdn.com/tild6136-3662-4935-b632-356632356338/IMG_9836.JPG
media/tild6138-643_IMG_9809.JPG	130721	https://static.tildacdn.com/tild6138-6437-4631-b839-383632616437/IMG_9809.JPG
media/tild6139-353_2025-05-22_203936.jpg	97534	https://static.tildacdn.com/tild6139-3536-4566-a239-623763613931/2025-05-22_203936.jpg
media/tild6161-363_2025-05-22_203907.jpg	82697	https://static.tildacdn.com/tild6161-3637-4463-b536-313864353766/2025-05-22_203907.jpg
media/tild6162-633_2025-05-22_203917.jpg	97545	https://static.tildacdn.com/tild6162-6336-4066-a661-616563366434/2025-05-22_203917.jpg
media/tild6166-616_IMG_0182.jpg	576287	https://static.tildacdn.com/tild6166-6164-4861-b864-346632376136/IMG_0182.jpg
media/tild6166-633_2025-05-22_204233.jpg	185633	https://static.tildacdn.com/tild6166-6337-4436-b639-333534306138/2025-05-22_204233.jpg
media/tild6236-386_2025-05-22_203919.jpg	67144	https://static.tildacdn.com/tild6236-3866-4230-b739-316136643166/2025-05-22_203919.jpg
media/tild6263-653_2025-05-22_203917.jpg	109654	https://static.tildacdn.com/tild6263-6530-4430-b062-393931633633/2025-05-22_203917.jpg
media/tild6265-343_IMG_0864.jpg	459299	https://static.tildacdn.com/tild6265-3432-4238-b366-613833323564/IMG_0864.jpg
media/tild6334-363_IMG_0806_1.jpg	470237	https://static.tildacdn.com/tild6334-3634-4662-a436-656337333738/IMG_0806_1.jpg
media/tild6336-333_photo_2025-06-18_124.jpeg	92344	https://static.tildacdn.com/tild6336-3336-4966-a265-633666633637/photo_2025-06-18_124.jpeg
media/tild6338-376_capture_23840.jpg	217817	https://static.tildacdn.com/tild6338-3761-4338-b064-396339616236/capture_23840.jpg
media/tild6338-396_capture_23837.jpg	742968	https://static.tildacdn.com/tild6338-3964-4262-b066-303461373062/capture_23837.jpg
media/tild6338-646_IMG_0840_1.jpg	394822	https://static.tildacdn.com/tild6338-6465-4262-b538-633362336162/IMG_0840_1.jpg
media/tild6339-366_capture_23790.jpg	584573	https://static.tildacdn.com/tild6339-3661-4835-a534-316637376438/capture_23790.jpg
media/tild6361-623_IMG_8444_1.jpg	80801	https://static.tildacdn.com/tild6361-6234-4939-b730-353138373532/IMG_8444_1.jpg
media/tild6362-336_IMG_0372.JPG	485065	https://static.tildacdn.com/tild6362-3362-4331-b334-346130333662/IMG_0372.JPG
media/tild6362-393_icons8-whatsapp-100.png	2696	https://static.tildacdn.com/tild6362-3934-4933-a635-363435356334/icons8-whatsapp-100.png
media/tild6430-383_photo_2025-06-11_123.jpeg	150475	https://static.tildacdn.com/tild6430-3833-4439-b932-626138653037/photo_2025-06-11_123.jpeg
media/tild6432-333_2025-05-22_204226.jpg	200668	https://static.tildacdn.com/tild6432-3334-4232-b064-326566373437/2025-05-22_204226.jpg
media/tild6432-626_2025-05-22_204215.jpg	143943	https://static.tildacdn.com/tild6432-6265-4534-b465-353733633131/2025-05-22_204215.jpg
media/tild6433-633_IMG_0776.jpg	460759	https://static.tildacdn.com/tild6433-6335-4136-b730-313062366535/IMG_0776.jpg
media/tild6435-633_capture_23832.jpg	750002	https://static.tildacdn.com/tild6435-6331-4338-b833-373565626564/capture_23832.jpg
media/tild6439-343_IMG_8510.jpg	501488	https://static.tildacdn.com/tild6439-3435-4837-b139-666462323463/IMG_8510.jpg
media/tild6461-326_photo.png	1186586	https://static.tildacdn.com/tild6461-3261-4664-a566-633564663838/photo.png
media/tild6462-316_cover_scrollbar.png	11564	https://static.tildacdn.com/tild6462-3164-4165-b030-316161633434/cover_scrollbar.png
media/tild6462-616_photo_2025-06-18_124.jpeg	134046	https://static.tildacdn.com/tild6462-6161-4234-a464-333039643831/photo_2025-06-18_124.jpeg
media/tild6530-643_IMG_0796_1.jpg	100888	https://static.tildacdn.com/tild6530-6432-4063-a435-393233303235/IMG_0796_1.jpg
media/tild6533-363_capture_23825.jpg	470624	https://static.tildacdn.com/tild6533-3635-4262-b135-323336633266/capture_23825.jpg
media/tild6535-363_IMG_0840.jpg	394822	https://static.tildacdn.com/tild6535-3632-4865-b536-326265333762/IMG_0840.jpg
media/tild6538-326_2025-05-22_204223.jpg	175416	https://static.tildacdn.com/tild6538-3264-4737-b065-613661336430/2025-05-22_204223.jpg
media/tild6562-376_IMG_8444.jpg	346529	https://static.tildacdn.com/tild6562-3764-4363-b466-663337326331/IMG_8444.jpg
media/tild6633-356_IMG_8504.jpg	472659	https://static.tildacdn.com/tild6633-3561-4162-b334-666264393337/IMG_8504.jpg
media/tild6638-333_IMG_1330.JPG	242070	https://static.tildacdn.com/tild6638-3339-4936-a138-353135386531/IMG_1330.JPG
media/tild6639-626_capture_23824.jpg	492137	https://static.tildacdn.com/tild6639-6266-4833-a164-643365623433/capture_23824.jpg
media/tild6663-313_2025-05-22_203919.jpg	52022	https://static.tildacdn.com/tild6663-3139-4734-b531-393537383938/2025-05-22_203919.jpg
media/tild6663-663_IMG_0784.jpg	430000	https://static.tildacdn.com/tild6663-6638-4235-b634-623132343361/IMG_0784.jpg
